asset_slug,concept_slug,sub,batch,subject,class_,chapter,concept,file,width,height,sha256,cleanup,note,ncert_labels,licence,source_url,author,status
bio11-ch16-structure-of-the-human-kidney-and-urinary-tract,bio11-ch16-structure-of-the-human-kidney-and-urinary-tract,,1,bio,11,Excretory Products and their Elimination,Structure of the Human Kidney and Urinary Tract,masters/bio11-ch16-structure-of-the-human-kidney-and-urinary-tract.png,1376,860,2350569132ea4d89011e1e8f5d11241e48ae1f776a82f87d9e2161dc76561c49,none,,"renal capsule, cortex, medulla, renal pyramid, renal papilla, minor calyx, major calyx, renal pelvis, ureter, renal artery, renal vein, hilum, column of Bertini, urinary bladder, urethra",generated-free,generated:gemini:batch1/bio11-ch16-structure-of-the-human-kidney-and-urinary-tract,"MonkLearning (AI-generated, Gemini)",accepted
bio11-ch15-structure-of-the-human-heart-and-its-chambers,bio11-ch15-structure-of-the-human-heart-and-its-chambers,,1,bio,11,Body Fluids and Circulation,Structure of the Human Heart and Its Chambers,masters/bio11-ch15-structure-of-the-human-heart-and-its-chambers.png,896,560,3b28878a4cd6f10cc6bc4d65e5826980d632aaab180a9b9b22c09a9956e89893,none,,"superior vena cava, inferior vena cava, right atrium, tricuspid valve, right ventricle, pulmonary artery, pulmonary semilunar valve, pulmonary vein, left atrium, bicuspid valve, left ventricle, aorta, aortic semilunar valve, chordae tendineae, papillary muscle, interventricular septum, interatrial septum, SA node, AV node, bundle of His, Purkinje fibre, pericardium",generated-free,generated:gemini:batch1/bio11-ch15-structure-of-the-human-heart-and-its-chambers,"MonkLearning (AI-generated, Gemini)",accepted
bio11-ch7-cockroach--circulatory--respiratory-and-excretory-systems,bio11-ch7-cockroach--circulatory--respiratory-and-excretory-systems,,1,bio,11,Structural Organisation in Animals,"Cockroach: Circulatory, Respiratory and Excretory Systems",masters/bio11-ch7-cockroach--circulatory--respiratory-and-excretory-systems.png,896,560,b466e50b8b2ac4053aa50d1c5a267ffa4efa6a1c1fe4629607e76185641688e7,none,,"heart, chamber, alary muscle, haemocoel, ostium, spiracle, trachea, tracheole, Malpighian tubule, fat body, uricose gland, nephrocyte",generated-free,generated:gemini:batch1/bio11-ch7-cockroach--circulatory--respiratory-and-excretory-systems,"MonkLearning (AI-generated, Gemini)",accepted
bio11-ch5-the-flower--floral-parts--symmetry-and-ovary-position,bio11-ch5-the-flower--floral-parts--symmetry-and-ovary-position,,1,bio,11,Morphology of Flowering Plants,"The Flower: Floral Parts, Symmetry and Ovary Position",masters/bio11-ch5-the-flower--floral-parts--symmetry-and-ovary-position.png,952,595,830dac04a3eb2e2356ad660e27a2536fd6ec5837969285aeb5fbfd59932ddf8a,none,,"pedicel, thalamus, sepal, petal, stamen, filament, anther, carpel, stigma, style, ovary, ovule, hypogynous, perigynous, epigynous",generated-free,generated:gemini:batch1/bio11-ch5-the-flower--floral-parts--symmetry-and-ovary-position,"MonkLearning (AI-generated, Gemini)",accepted
bio11-ch7-cockroach--nervous-system-and-reproduction,bio11-ch7-cockroach--nervous-system-and-reproduction,,1,bio,11,Structural Organisation in Animals,Cockroach: Nervous System and Reproduction,masters/bio11-ch7-cockroach--nervous-system-and-reproduction.png,896,560,8e261d65d554cc4d80c559eb3fce09affcfc8128ddc25f7daf021730370d0dac,strip_labels,captions under bodies,"supra-oesophageal ganglion, sub-oesophageal ganglion, circum-oesophageal connective, thoracic ganglion, abdominal ganglion, ventral nerve cord, testis, vas deferens, seminal vesicle, mushroom gland, ejaculatory duct, phallic gland, gonapophysis, ovary, ovariole, oviduct, spermatheca, collateral gland, ootheca",generated-free,generated:gemini:batch1/bio11-ch7-cockroach--nervous-system-and-reproduction,"MonkLearning (AI-generated, Gemini)",accepted
bio11-ch7-frog--external-morphology-and-digestive-system,bio11-ch7-frog--external-morphology-and-digestive-system,,1,bio,11,Structural Organisation in Animals,Frog: External Morphology and Digestive System,masters/bio11-ch7-frog--external-morphology-and-digestive-system.png,896,560,25559e06573c5bd401402a0eb6ec88722296b7c32b50b8688360a7e63bacf8ed,none,,"head, eye, nictitating membrane, tympanum, nostril, trunk, forelimb, hindlimb, webbed digit, cloacal aperture, buccal cavity, oesophagus, stomach, duodenum, ileum, rectum, cloaca, liver, gall bladder, pancreas, spleen, bile duct",generated-free,generated:gemini:batch1/bio11-ch7-frog--external-morphology-and-digestive-system,"MonkLearning (AI-generated, Gemini)",accepted
bio11-ch7-cockroach--morphology-and-digestive-system--a,bio11-ch7-cockroach--morphology-and-digestive-system,a,1,bio,11,Structural Organisation in Animals,Cockroach: Morphology and Digestive System,masters/bio11-ch7-cockroach--morphology-and-digestive-system--a.png,896,560,5c8a19826b6851a6d8d2120363437ca43be0a6bb0e9d67f4e39f635a6b00116c,none,,"head, compound eye, antenna, prothorax, mesothorax, metathorax, tegmen, hind wing, abdomen, anal cercus, anal style, coxa, femur, tibia, tarsus, mouth, pharynx, oesophagus, crop, gizzard, hepatic caeca, midgut, Malpighian tubule, ileum, colon, rectum, anus, salivary gland",generated-free,generated:gemini:batch1/bio11-ch7-cockroach--morphology-and-digestive-system--a,"MonkLearning (AI-generated, Gemini)",accepted
bio11-ch7-cockroach--morphology-and-digestive-system--b,bio11-ch7-cockroach--morphology-and-digestive-system,b,1,bio,11,Structural Organisation in Animals,Cockroach: Morphology and Digestive System,masters/bio11-ch7-cockroach--morphology-and-digestive-system--b.png,896,560,7634f7bf352c61b78045e8a3aef93248eaa8caf485afb9f57e6025a21cb18fce,strip_labels,labelled gut,"head, compound eye, antenna, prothorax, mesothorax, metathorax, tegmen, hind wing, abdomen, anal cercus, anal style, coxa, femur, tibia, tarsus, mouth, pharynx, oesophagus, crop, gizzard, hepatic caeca, midgut, Malpighian tubule, ileum, colon, rectum, anus, salivary gland",generated-free,generated:gemini:batch1/bio11-ch7-cockroach--morphology-and-digestive-system--b,"MonkLearning (AI-generated, Gemini)",accepted
bio11-ch7-frog--excretory--nervous-and-reproductive-systems--a,bio11-ch7-frog--excretory--nervous-and-reproductive-systems,a,1,bio,11,Structural Organisation in Animals,"Frog: Excretory, Nervous and Reproductive Systems",masters/bio11-ch7-frog--excretory--nervous-and-reproductive-systems--a.png,896,560,918dfc56a39109cb1068a06ce19363ce1d9a404a5ead7e34f5f5fc56edff9a59,none,,"kidney, ureter, urinary bladder, cloaca, adrenal gland, olfactory lobe, cerebral hemisphere, diencephalon, optic lobe, cerebellum, medulla oblongata, spinal cord, cranial nerve, testis, vasa efferentia, Bidder's canal, ovary, oviduct, ovisac, fat body",generated-free,generated:gemini:batch1/bio11-ch7-frog--excretory--nervous-and-reproductive-systems--a,"MonkLearning (AI-generated, Gemini)",accepted
bio11-ch7-frog--excretory--nervous-and-reproductive-systems--b,bio11-ch7-frog--excretory--nervous-and-reproductive-systems,b,1,bio,11,Structural Organisation in Animals,"Frog: Excretory, Nervous and Reproductive Systems",masters/bio11-ch7-frog--excretory--nervous-and-reproductive-systems--b.png,896,560,87c384e17d524af833dc269178ca5ec868aba3c437bbaca5e8828231c7bad72b,strip_labels,4 labels,"kidney, ureter, urinary bladder, cloaca, adrenal gland, olfactory lobe, cerebral hemisphere, diencephalon, optic lobe, cerebellum, medulla oblongata, spinal cord, cranial nerve, testis, vasa efferentia, Bidder's canal, ovary, oviduct, ovisac, fat body",generated-free,generated:gemini:batch1/bio11-ch7-frog--excretory--nervous-and-reproductive-systems--b,"MonkLearning (AI-generated, Gemini)",accepted
bio11-ch7-frog--circulatory-and-respiratory-systems--b,bio11-ch7-frog--circulatory-and-respiratory-systems,b,1,bio,11,Structural Organisation in Animals,Frog: Circulatory and Respiratory Systems,masters/bio11-ch7-frog--circulatory-and-respiratory-systems--b.png,896,560,1b5caaae52386535d10ca3db2ef87065ae3c9fb2e1b822d0f22b08f364c0dfa0,none,heart (--a) is on the SVG queue,"sinus venosus, right atrium, left atrium, ventricle, conus arteriosus, truncus arteriosus, carotid arch, systemic arch, pulmocutaneous arch, pulmonary vein, precaval vein, postcaval vein, lung, buccal cavity, glottis, skin",generated-free,generated:gemini:batch1/bio11-ch7-frog--circulatory-and-respiratory-systems--b,"MonkLearning (AI-generated, Gemini)",accepted
bio11-ch14-human-respiratory-system--structure-of-the-respiratory-tract--a,bio11-ch14-human-respiratory-system--structure-of-the-respiratory-tract,a,1,bio,11,Breathing and Exchange of Gases,Human Respiratory System: Structure of the Respiratory Tract,masters/bio11-ch14-human-respiratory-system--structure-of-the-respiratory-tract--a.png,896,560,14733020bac67e7617cbd9750e06149ed8155d3416dd1e4b8d9a1a6ff4397a03,none,,"nostril, nasal cavity, pharynx, larynx, epiglottis, trachea, bronchus, bronchiole, alveolus, lung, pleura, pleural fluid, diaphragm, rib, capillary",generated-free,generated:gemini:batch1/bio11-ch14-human-respiratory-system--structure-of-the-respiratory-tract--a,"MonkLearning (AI-generated, Gemini)",accepted
bio11-ch14-human-respiratory-system--structure-of-the-respiratory-tract--b,bio11-ch14-human-respiratory-system--structure-of-the-respiratory-tract,b,1,bio,11,Breathing and Exchange of Gases,Human Respiratory System: Structure of the Respiratory Tract,masters/bio11-ch14-human-respiratory-system--structure-of-the-respiratory-tract--b.png,896,560,b4f4a84b6af42329a4c3cf4500a4c5748577577660f21fd5eb2dcdd53c8dbc03,none,,"nostril, nasal cavity, pharynx, larynx, epiglottis, trachea, bronchus, bronchiole, alveolus, lung, pleura, pleural fluid, diaphragm, rib, capillary",generated-free,generated:gemini:batch1/bio11-ch14-human-respiratory-system--structure-of-the-respiratory-tract--b,"MonkLearning (AI-generated, Gemini)",accepted
bio11-ch18-human-brain--forebrain-structure-and-functions--a,bio11-ch18-human-brain--forebrain-structure-and-functions,a,2,bio,11,Neural Control and Coordination,Human Brain: Forebrain Structure and Functions,masters/bio11-ch18-human-brain--forebrain-structure-and-functions--a.png,896,560,7c83c6f0b47281ad6002e259e2db5c94139fdebd8bd13e5b014fd080c82157eb,none,,"cerebrum, frontal lobe, parietal lobe, temporal lobe, occipital lobe, cerebral cortex, corpus callosum, thalamus, hypothalamus, olfactory lobe, pituitary gland, central sulcus",generated-free,generated:gemini:batch2/bio11-ch18-human-brain--forebrain-structure-and-functions--a,"MonkLearning (AI-generated, Gemini)",accepted
bio11-ch18-human-brain--forebrain-structure-and-functions--b,bio11-ch18-human-brain--forebrain-structure-and-functions,b,2,bio,11,Neural Control and Coordination,Human Brain: Forebrain Structure and Functions,masters/bio11-ch18-human-brain--forebrain-structure-and-functions--b.png,896,560,680eacb8402aab1b6a6c51e9861d1839a52ff6793c9c8a942337adace1fbc4ff,none,Gemini text-removal edit,"cerebrum, frontal lobe, parietal lobe, temporal lobe, occipital lobe, cerebral cortex, corpus callosum, thalamus, hypothalamus, olfactory lobe, pituitary gland, central sulcus",generated-free,generated:gemini:batch2/bio11-ch18-human-brain--forebrain-structure-and-functions--b,"MonkLearning (AI-generated, Gemini)",accepted
bio11-ch18-human-brain--midbrain-and-hindbrain,bio11-ch18-human-brain--midbrain-and-hindbrain,,2,bio,11,Neural Control and Coordination,Human Brain: Midbrain and Hindbrain,masters/bio11-ch18-human-brain--midbrain-and-hindbrain.png,896,560,1870fdae4c4d3c8daca6e6d9b8854926a70aadff888264fe6e2b8e05d831037e,none,,"midbrain, corpora quadrigemina, cerebral peduncle, cerebral aqueduct, pons, cerebellum, arbor vitae, medulla oblongata, brain stem, fourth ventricle, spinal cord",generated-free,generated:gemini:batch2/bio11-ch18-human-brain--midbrain-and-hindbrain,"MonkLearning (AI-generated, Gemini)",accepted
bio11-ch17-axial-skeleton--skull--vertebral-column--ribs-and-sternum--a,bio11-ch17-axial-skeleton--skull--vertebral-column--ribs-and-sternum,a,2,bio,11,Locomotion and Movement,"Axial Skeleton: Skull, Vertebral Column, Ribs and Sternum",masters/bio11-ch17-axial-skeleton--skull--vertebral-column--ribs-and-sternum--a.png,896,560,6936ab94236e90e16f146bce183f3ecdc00f00ef40f04ee8211343fee42a7fe7,none,,"cranium, facial bone, mandible, hyoid, cervical vertebra, thoracic vertebra, lumbar vertebra, sacrum, coccyx, atlas, true rib, false rib, floating rib, sternum, costal cartilage, intervertebral disc",generated-free,generated:gemini:batch2/bio11-ch17-axial-skeleton--skull--vertebral-column--ribs-and-sternum--a,"MonkLearning (AI-generated, Gemini)",accepted
bio11-ch17-axial-skeleton--skull--vertebral-column--ribs-and-sternum--b,bio11-ch17-axial-skeleton--skull--vertebral-column--ribs-and-sternum,b,2,bio,11,Locomotion and Movement,"Axial Skeleton: Skull, Vertebral Column, Ribs and Sternum",masters/bio11-ch17-axial-skeleton--skull--vertebral-column--ribs-and-sternum--b.png,896,560,7ac04a5d31224d757744ab0b9241949f204ebbe3a07b62f70a724ad71fdee959,none,,"cranium, facial bone, mandible, hyoid, cervical vertebra, thoracic vertebra, lumbar vertebra, sacrum, coccyx, atlas, true rib, false rib, floating rib, sternum, costal cartilage, intervertebral disc",generated-free,generated:gemini:batch2/bio11-ch17-axial-skeleton--skull--vertebral-column--ribs-and-sternum--b,"MonkLearning (AI-generated, Gemini)",accepted
bio11-ch17-axial-skeleton--skull--vertebral-column--ribs-and-sternum--c,bio11-ch17-axial-skeleton--skull--vertebral-column--ribs-and-sternum,c,2,bio,11,Locomotion and Movement,"Axial Skeleton: Skull, Vertebral Column, Ribs and Sternum",masters/bio11-ch17-axial-skeleton--skull--vertebral-column--ribs-and-sternum--c.png,896,560,bd7f27b506ca972afe7c1d243c8b75ff70e6e2dd15b8aac20eee60b29615c028,none,,"cranium, facial bone, mandible, hyoid, cervical vertebra, thoracic vertebra, lumbar vertebra, sacrum, coccyx, atlas, true rib, false rib, floating rib, sternum, costal cartilage, intervertebral disc",generated-free,generated:gemini:batch2/bio11-ch17-axial-skeleton--skull--vertebral-column--ribs-and-sternum--c,"MonkLearning (AI-generated, Gemini)",accepted
bio11-ch17-appendicular-skeleton--girdles-and-limb-bones--a,bio11-ch17-appendicular-skeleton--girdles-and-limb-bones,a,2,bio,11,Locomotion and Movement,Appendicular Skeleton: Girdles and Limb Bones,masters/bio11-ch17-appendicular-skeleton--girdles-and-limb-bones--a.png,896,560,8c2dcfc15efcc017aa950f3ecc8b687d84c7b7c34384ffbdb118167f61fd5468,none,,"clavicle, scapula, glenoid cavity, humerus, radius, ulna, carpal, metacarpal, phalanx, ilium, ischium, pubis, acetabulum, femur, patella, tibia, fibula, tarsal, metatarsal",generated-free,generated:gemini:batch2/bio11-ch17-appendicular-skeleton--girdles-and-limb-bones--a,"MonkLearning (AI-generated, Gemini)",accepted
bio11-ch17-appendicular-skeleton--girdles-and-limb-bones--b,bio11-ch17-appendicular-skeleton--girdles-and-limb-bones,b,2,bio,11,Locomotion and Movement,Appendicular Skeleton: Girdles and Limb Bones,masters/bio11-ch17-appendicular-skeleton--girdles-and-limb-bones--b.png,896,560,d7108ffd19ef48e1e727b342872bcfc26c9df7002ad7d4dc3da6279185b56345,none,,"clavicle, scapula, glenoid cavity, humerus, radius, ulna, carpal, metacarpal, phalanx, ilium, ischium, pubis, acetabulum, femur, patella, tibia, fibula, tarsal, metatarsal",generated-free,generated:gemini:batch2/bio11-ch17-appendicular-skeleton--girdles-and-limb-bones--b,"MonkLearning (AI-generated, Gemini)",accepted
bio12-ch2-male-reproductive-system--testis--ducts-and-accessory-glands--a,bio12-ch2-male-reproductive-system--testis--ducts-and-accessory-glands,a,2,bio,12,Human Reproduction,"Male Reproductive System: Testis, Ducts and Accessory Glands",masters/bio12-ch2-male-reproductive-system--testis--ducts-and-accessory-glands--a.png,896,560,a17262da7734e1ab13338a7f566c05eb535aa430c824dea84632f1f43290d1c4,none,,"testis, scrotum, seminiferous tubule, Leydig cell, Sertoli cell, epididymis, vas deferens, seminal vesicle, ejaculatory duct, prostate gland, bulbourethral gland, urethra, penis, urinary bladder",generated-free,generated:gemini:batch2/bio12-ch2-male-reproductive-system--testis--ducts-and-accessory-glands--a,"MonkLearning (AI-generated, Gemini)",accepted
bio12-ch2-male-reproductive-system--testis--ducts-and-accessory-glands--b,bio12-ch2-male-reproductive-system--testis--ducts-and-accessory-glands,b,2,bio,12,Human Reproduction,"Male Reproductive System: Testis, Ducts and Accessory Glands",masters/bio12-ch2-male-reproductive-system--testis--ducts-and-accessory-glands--b.png,896,560,16305cd6b887ba584fe86eddc860d2c02be144c8229c5257e4bee90895f5bb25,none,,"testis, scrotum, seminiferous tubule, Leydig cell, Sertoli cell, epididymis, vas deferens, seminal vesicle, ejaculatory duct, prostate gland, bulbourethral gland, urethra, penis, urinary bladder",generated-free,generated:gemini:batch2/bio12-ch2-male-reproductive-system--testis--ducts-and-accessory-glands--b,"MonkLearning (AI-generated, Gemini)",accepted
bio12-ch2-female-reproductive-system--ovary--oviduct--uterus-and-mamma--a,bio12-ch2-female-reproductive-system--ovary--oviduct--uterus-and-mamma,a,2,bio,12,Human Reproduction,"Female Reproductive System: Ovary, Oviduct, Uterus and Mammary Gland",masters/bio12-ch2-female-reproductive-system--ovary--oviduct--uterus-and-mamma--a.png,896,560,9577a3e0bcd8033bc2368c925d75ac87ea50d65fe9735226db33c7aa24777e97,none,,"ovary, fallopian tube, infundibulum, fimbriae, ampulla, isthmus, uterus, fundus, cervix, vagina, endometrium, myometrium, perimetrium, mammary lobe, alveolus, mammary duct, lactiferous duct, nipple",generated-free,generated:gemini:batch2/bio12-ch2-female-reproductive-system--ovary--oviduct--uterus-and-mamma--a,"MonkLearning (AI-generated, Gemini)",accepted
bio12-ch2-female-reproductive-system--ovary--oviduct--uterus-and-mamma--b,bio12-ch2-female-reproductive-system--ovary--oviduct--uterus-and-mamma,b,2,bio,12,Human Reproduction,"Female Reproductive System: Ovary, Oviduct, Uterus and Mammary Gland",masters/bio12-ch2-female-reproductive-system--ovary--oviduct--uterus-and-mamma--b.png,896,560,49b0694a3c30d8713bb1294dab6c16b4afbc238b7822625f237af923da0fe910,none,,"ovary, fallopian tube, infundibulum, fimbriae, ampulla, isthmus, uterus, fundus, cervix, vagina, endometrium, myometrium, perimetrium, mammary lobe, alveolus, mammary duct, lactiferous duct, nipple",generated-free,generated:gemini:batch2/bio12-ch2-female-reproductive-system--ovary--oviduct--uterus-and-mamma--b,"MonkLearning (AI-generated, Gemini)",accepted
bio12-ch2-female-reproductive-system--ovary--oviduct--uterus-and-mamma--c,bio12-ch2-female-reproductive-system--ovary--oviduct--uterus-and-mamma,c,2,bio,12,Human Reproduction,"Female Reproductive System: Ovary, Oviduct, Uterus and Mammary Gland",masters/bio12-ch2-female-reproductive-system--ovary--oviduct--uterus-and-mamma--c.png,896,560,377b6c047d1dc8d9a54443eb957feb02f9e760cd70eb75d7be156f4f1ac41c6a,none,,"ovary, fallopian tube, infundibulum, fimbriae, ampulla, isthmus, uterus, fundus, cervix, vagina, endometrium, myometrium, perimetrium, mammary lobe, alveolus, mammary duct, lactiferous duct, nipple",generated-free,generated:gemini:batch2/bio12-ch2-female-reproductive-system--ovary--oviduct--uterus-and-mamma--c,"MonkLearning (AI-generated, Gemini)",accepted
bio11-ch15-formed-elements--rbc--wbc-and-platelets,bio11-ch15-formed-elements--rbc--wbc-and-platelets,,2,bio,11,Body Fluids and Circulation,"Formed Elements: RBC, WBC and Platelets",masters/bio11-ch15-formed-elements--rbc--wbc-and-platelets.png,952,595,81622a894d0bbd345863d45e9c5fc1760dc39d33b41d5a347462f7c269136c1d,none,,"erythrocyte, neutrophil, eosinophil, basophil, lymphocyte, monocyte, platelet, lobed nucleus, granule",generated-free,generated:gemini:batch2/bio11-ch15-formed-elements--rbc--wbc-and-platelets,"MonkLearning (AI-generated, Gemini)",accepted
bio11-ch7-connective-tissue--types-and-matrix--b,bio11-ch7-connective-tissue--types-and-matrix,b,2,bio,11,Structural Organisation in Animals,Connective Tissue: Types and Matrix,masters/bio11-ch7-connective-tissue--types-and-matrix--b.png,896,560,14054f4b6b982a2d42ab673f23b78fd174d0bc14b3b754794412ec04509b343c,none,,"fibroblast, collagen fibre, elastin fibre, macrophage, mast cell, matrix, adipocyte, fat droplet, tendon, chondrocyte, lacuna, osteocyte, Haversian canal, lamella, canaliculus",generated-free,generated:gemini:batch2/bio11-ch7-connective-tissue--types-and-matrix--b,"MonkLearning (AI-generated, Gemini)",accepted
bio11-ch7-connective-tissue--types-and-matrix--c,bio11-ch7-connective-tissue--types-and-matrix,c,2,bio,11,Structural Organisation in Animals,Connective Tissue: Types and Matrix,masters/bio11-ch7-connective-tissue--types-and-matrix--c.png,952,595,461c0ac78b205660e49e6c5392c8c78143bb81bcfcdacd1a33ff65ec08be1679,none,,"fibroblast, collagen fibre, elastin fibre, macrophage, mast cell, matrix, adipocyte, fat droplet, tendon, chondrocyte, lacuna, osteocyte, Haversian canal, lamella, canaliculus",generated-free,generated:gemini:batch2/bio11-ch7-connective-tissue--types-and-matrix--c,"MonkLearning (AI-generated, Gemini)",accepted
bio11-ch7-connective-tissue--types-and-matrix--d,bio11-ch7-connective-tissue--types-and-matrix,d,2,bio,11,Structural Organisation in Animals,Connective Tissue: Types and Matrix,masters/bio11-ch7-connective-tissue--types-and-matrix--d.png,924,578,0a3be6a5ce8821fcba031de8343ae9488e16117ed419846d602fb89536741209,none,,"fibroblast, collagen fibre, elastin fibre, macrophage, mast cell, matrix, adipocyte, fat droplet, tendon, chondrocyte, lacuna, osteocyte, Haversian canal, lamella, canaliculus",generated-free,generated:gemini:batch2/bio11-ch7-connective-tissue--types-and-matrix--d,"MonkLearning (AI-generated, Gemini)",accepted
bio11-ch7-connective-tissue--types-and-matrix--f,bio11-ch7-connective-tissue--types-and-matrix,f,2,bio,11,Structural Organisation in Animals,Connective Tissue: Types and Matrix,masters/bio11-ch7-connective-tissue--types-and-matrix--f.png,952,595,f55a346e0519394a4b364e30b1c42269f1fb7203d3d78f68070abf5fbbd89898,none,,"fibroblast, collagen fibre, elastin fibre, macrophage, mast cell, matrix, adipocyte, fat droplet, tendon, chondrocyte, lacuna, osteocyte, Haversian canal, lamella, canaliculus",generated-free,generated:gemini:batch2/bio11-ch7-connective-tissue--types-and-matrix--f,"MonkLearning (AI-generated, Gemini)",accepted
bio11-ch7-muscular-tissue--skeletal--smooth-and-cardiac--b,bio11-ch7-muscular-tissue--skeletal--smooth-and-cardiac,b,2,bio,11,Structural Organisation in Animals,"Muscular Tissue: Skeletal, Smooth and Cardiac",masters/bio11-ch7-muscular-tissue--skeletal--smooth-and-cardiac--b.png,952,595,d3bb7699bcd316a826dc5dea65e10d46221f41a6c017cb7adba94bbacad8919d,none,,"skeletal muscle fibre, striation, nucleus, sarcolemma, smooth muscle fibre, spindle shape, cardiac muscle fibre, intercalated disc, branching",generated-free,generated:gemini:batch2/bio11-ch7-muscular-tissue--skeletal--smooth-and-cardiac--b,"MonkLearning (AI-generated, Gemini)",accepted
bio11-ch7-muscular-tissue--skeletal--smooth-and-cardiac--c,bio11-ch7-muscular-tissue--skeletal--smooth-and-cardiac,c,2,bio,11,Structural Organisation in Animals,"Muscular Tissue: Skeletal, Smooth and Cardiac",masters/bio11-ch7-muscular-tissue--skeletal--smooth-and-cardiac--c.png,952,595,f48680d46ac7112fe90a450c6c51515daee150738b3cbc1bd36fe9f70c6e8d25,none,,"skeletal muscle fibre, striation, nucleus, sarcolemma, smooth muscle fibre, spindle shape, cardiac muscle fibre, intercalated disc, branching",generated-free,generated:gemini:batch2/bio11-ch7-muscular-tissue--skeletal--smooth-and-cardiac--c,"MonkLearning (AI-generated, Gemini)",accepted
bio11-ch7-earthworm--morphology-and-digestive-system--b,bio11-ch7-earthworm--morphology-and-digestive-system,b,2,bio,11,Structural Organisation in Animals,Earthworm: Morphology and Digestive System,masters/bio11-ch7-earthworm--morphology-and-digestive-system--b.png,896,560,d643b1170cc37d5e28c746e518a502e61948f4881f9ca425bbddebcf5a3021b1,strip_labels,labels + segment numbers,"prostomium, peristomium, mouth, clitellum, seta, genital papilla, female genital pore, male genital pore, spermathecal pore, anus, buccal cavity, pharynx, oesophagus, gizzard, stomach, intestine, typhlosole, calciferous gland, intestinal caeca",generated-free,generated:gemini:batch2/bio11-ch7-earthworm--morphology-and-digestive-system--b,"MonkLearning (AI-generated, Gemini)",accepted
bio11-ch5-root-system--types--regions-and-modifications--a,bio11-ch5-root-system--types--regions-and-modifications,a,3,bio,11,Morphology of Flowering Plants,"Root System: Types, Regions and Modifications",masters/bio11-ch5-root-system--types--regions-and-modifications--a.png,896,560,83fb61e47999ae1ee0ae115ec22d1a6fc5c9c99ecd57d308106ea1082f9ed3ca,strip_labels,species captions,"tap root, lateral root, fibrous root, root cap, region of meristematic activity, region of elongation, region of maturation, root hair, conical root, fusiform root, napiform root, prop root, stilt root, pneumatophore",generated-free,generated:gemini:batch3/bio11-ch5-root-system--types--regions-and-modifications--a,"MonkLearning (AI-generated, Gemini)",accepted
bio11-ch5-root-system--types--regions-and-modifications--b,bio11-ch5-root-system--types--regions-and-modifications,b,3,bio,11,Morphology of Flowering Plants,"Root System: Types, Regions and Modifications",masters/bio11-ch5-root-system--types--regions-and-modifications--b.png,1434,896,57f0598ff634073e6a879712c2bbd6f8520a7c7f558ba91cfdda1d29e32b3890,none,square canvas,"tap root, lateral root, fibrous root, root cap, region of meristematic activity, region of elongation, region of maturation, root hair, conical root, fusiform root, napiform root, prop root, stilt root, pneumatophore",generated-free,generated:gemini:batch3/bio11-ch5-root-system--types--regions-and-modifications--b,"MonkLearning (AI-generated, Gemini)",accepted
bio11-ch5-root-system--types--regions-and-modifications--c,bio11-ch5-root-system--types--regions-and-modifications,c,3,bio,11,Morphology of Flowering Plants,"Root System: Types, Regions and Modifications",masters/bio11-ch5-root-system--types--regions-and-modifications--c.png,1434,896,93238d283549fe60ec797938eb51aa4708933219b1edb38ad6da660ea3a7a18c,strip_labels,species captions; square canvas,"tap root, lateral root, fibrous root, root cap, region of meristematic activity, region of elongation, region of maturation, root hair, conical root, fusiform root, napiform root, prop root, stilt root, pneumatophore",generated-free,generated:gemini:batch3/bio11-ch5-root-system--types--regions-and-modifications--c,"MonkLearning (AI-generated, Gemini)",accepted
bio11-ch5-root-system--types--regions-and-modifications--d,bio11-ch5-root-system--types--regions-and-modifications,d,3,bio,11,Morphology of Flowering Plants,"Root System: Types, Regions and Modifications",masters/bio11-ch5-root-system--types--regions-and-modifications--d.png,896,560,a6609db5896243534b555f952f0f2ccbc6a56d90b1a263e58560c32dc657206a,strip_labels,species captions,"tap root, lateral root, fibrous root, root cap, region of meristematic activity, region of elongation, region of maturation, root hair, conical root, fusiform root, napiform root, prop root, stilt root, pneumatophore",generated-free,generated:gemini:batch3/bio11-ch5-root-system--types--regions-and-modifications--d,"MonkLearning (AI-generated, Gemini)",accepted
bio11-ch5-stem--modifications-and-functions--a,bio11-ch5-stem--modifications-and-functions,a,3,bio,11,Morphology of Flowering Plants,Stem: Modifications and Functions,masters/bio11-ch5-stem--modifications-and-functions--a.png,896,560,5a00579b36954fcf43666ce90224224ea617426c7b857502057c406bd6d2f1c7,strip_labels,captions,"tuber, eye, rhizome, node, corm, bulb, runner, stolon, offset, sucker, phylloclade, thorn, tendril",generated-free,generated:gemini:batch3/bio11-ch5-stem--modifications-and-functions--a,"MonkLearning (AI-generated, Gemini)",accepted
bio11-ch5-stem--modifications-and-functions--b,bio11-ch5-stem--modifications-and-functions,b,3,bio,11,Morphology of Flowering Plants,Stem: Modifications and Functions,masters/bio11-ch5-stem--modifications-and-functions--b.png,896,560,7b529fafc8d2c3bb23893539474888281ab3bfae00fcd6ad223589464ed72c05,strip_labels,captions,"tuber, eye, rhizome, node, corm, bulb, runner, stolon, offset, sucker, phylloclade, thorn, tendril",generated-free,generated:gemini:batch3/bio11-ch5-stem--modifications-and-functions--b,"MonkLearning (AI-generated, Gemini)",accepted
bio11-ch5-stem--modifications-and-functions--c,bio11-ch5-stem--modifications-and-functions,c,3,bio,11,Morphology of Flowering Plants,Stem: Modifications and Functions,masters/bio11-ch5-stem--modifications-and-functions--c.png,896,560,7b77abef244d1093b3c9ab3dd3e750e20afd20146d5c817086853fbb0fa9af98,none,,"tuber, eye, rhizome, node, corm, bulb, runner, stolon, offset, sucker, phylloclade, thorn, tendril",generated-free,generated:gemini:batch3/bio11-ch5-stem--modifications-and-functions--c,"MonkLearning (AI-generated, Gemini)",accepted
bio11-ch5-fruit--types--pericarp-and-false-fruits--a,bio11-ch5-fruit--types--pericarp-and-false-fruits,a,3,bio,11,Morphology of Flowering Plants,"Fruit: Types, Pericarp and False Fruits",masters/bio11-ch5-fruit--types--pericarp-and-false-fruits--a.png,896,560,c9823bee10a4f8aa755d48096598126aa5cdb15f36f03f858d91a1a40af35583,none,,"epicarp, mesocarp, endocarp, seed, pericarp, fleshy thalamus, edible part",generated-free,generated:gemini:batch3/bio11-ch5-fruit--types--pericarp-and-false-fruits--a,"MonkLearning (AI-generated, Gemini)",accepted
bio11-ch5-fruit--types--pericarp-and-false-fruits--b,bio11-ch5-fruit--types--pericarp-and-false-fruits,b,3,bio,11,Morphology of Flowering Plants,"Fruit: Types, Pericarp and False Fruits",masters/bio11-ch5-fruit--types--pericarp-and-false-fruits--b.png,896,560,f6769fddf2ddb21854e3016e5bdda348b9bbee1ba3758b0fdd5a4775f5b206f4,none,,"epicarp, mesocarp, endocarp, seed, pericarp, fleshy thalamus, edible part",generated-free,generated:gemini:batch3/bio11-ch5-fruit--types--pericarp-and-false-fruits--b,"MonkLearning (AI-generated, Gemini)",accepted
bio11-ch5-fruit--types--pericarp-and-false-fruits--c,bio11-ch5-fruit--types--pericarp-and-false-fruits,c,3,bio,11,Morphology of Flowering Plants,"Fruit: Types, Pericarp and False Fruits",masters/bio11-ch5-fruit--types--pericarp-and-false-fruits--c.png,896,560,f353c9434c20ff009b35c6ca3d8f364d525c40ef59bf038de2e4199521cc2413,none,,"epicarp, mesocarp, endocarp, seed, pericarp, fleshy thalamus, edible part",generated-free,generated:gemini:batch3/bio11-ch5-fruit--types--pericarp-and-false-fruits--c,"MonkLearning (AI-generated, Gemini)",accepted
bio11-ch5-seed-structure-in-dicots-and-monocots--a,bio11-ch5-seed-structure-in-dicots-and-monocots,a,3,bio,11,Morphology of Flowering Plants,Seed Structure in Dicots and Monocots,masters/bio11-ch5-seed-structure-in-dicots-and-monocots--a.png,896,560,4a60153e26fc2a9464457121b4c6cccac9b9c8296598833f23cf4ad88654d561,none,,"seed coat, hilum, micropyle, cotyledon, plumule, radicle, embryonal axis, pericarp, aleurone layer, endosperm, scutellum, coleoptile, coleorhiza",generated-free,generated:gemini:batch3/bio11-ch5-seed-structure-in-dicots-and-monocots--a,"MonkLearning (AI-generated, Gemini)",accepted
bio11-ch5-seed-structure-in-dicots-and-monocots--b,bio11-ch5-seed-structure-in-dicots-and-monocots,b,3,bio,11,Morphology of Flowering Plants,Seed Structure in Dicots and Monocots,masters/bio11-ch5-seed-structure-in-dicots-and-monocots--b.png,896,560,39e9dd35cdafc2d542fa30ee4e72e56f95b67e6c4082f9d1c1e2b5d273e04af7,strip_labels,labelled,"seed coat, hilum, micropyle, cotyledon, plumule, radicle, embryonal axis, pericarp, aleurone layer, endosperm, scutellum, coleoptile, coleorhiza",generated-free,generated:gemini:batch3/bio11-ch5-seed-structure-in-dicots-and-monocots--b,"MonkLearning (AI-generated, Gemini)",accepted
bio11-ch6-simple-permanent-tissues--parenchyma--collenchyma-and-sclerenchyma--a,bio11-ch6-simple-permanent-tissues--parenchyma--collenchyma-and-sclerenchyma,a,3,biology,11,Anatomy of Flowering Plants,"Simple Permanent Tissues: Parenchyma, Collenchyma and Sclerenchyma",masters/bio11-ch6-simple-permanent-tissues--parenchyma--collenchyma-and-sclerenchyma--a.png,896,560,b914c223b141ff45edca6b23cfd92361e2d8d5e57d9ade69b8ba81c4b248db4d,none,"label list authored per sub-asset, not shared across the set","parenchyma, cell wall, intercellular space",generated-free,generated:gemini:batch3/bio11-ch6-simple-permanent-tissues--parenchyma--collenchyma-and-sclerenchyma--a,"MonkLearning (AI-generated, Gemini)",accepted
bio11-ch6-simple-permanent-tissues--parenchyma--collenchyma-and-sclerenchyma--c,bio11-ch6-simple-permanent-tissues--parenchyma--collenchyma-and-sclerenchyma,c,3,biology,11,Anatomy of Flowering Plants,"Simple Permanent Tissues: Parenchyma, Collenchyma and Sclerenchyma",masters/bio11-ch6-simple-permanent-tissues--parenchyma--collenchyma-and-sclerenchyma--c.png,896,560,8fe9b53b920875663dcec1828800c2cb0511768317bff6db366dc7eccc0c2f65,strip_labels,"titles + labels; label list authored per sub-asset, not shared across the set","sclerenchyma, fibre, sclereid, lignified wall, lumen, pit",generated-free,generated:gemini:batch3/bio11-ch6-simple-permanent-tissues--parenchyma--collenchyma-and-sclerenchyma--c,"MonkLearning (AI-generated, Gemini)",accepted
bio11-ch6-epidermal-tissue-system--epidermis--stomata-and-trichomes--b,bio11-ch6-epidermal-tissue-system--epidermis--stomata-and-trichomes,b,3,bio,11,Anatomy of Flowering Plants,"Epidermal Tissue System: Epidermis, Stomata and Trichomes",masters/bio11-ch6-epidermal-tissue-system--epidermis--stomata-and-trichomes--b.png,952,595,370ee3208757216dc1486b2700cdd76aa091bcec8a1b53620c9d2706cc16fbd5,none,,"guard cell, stomatal pore, subsidiary cell, epidermal cell, chloroplast, cuticle, dumbbell-shaped guard cell, root hair, trichome",generated-free,generated:gemini:batch3/bio11-ch6-epidermal-tissue-system--epidermis--stomata-and-trichomes--b,"MonkLearning (AI-generated, Gemini)",accepted
bio11-ch6-epidermal-tissue-system--epidermis--stomata-and-trichomes--c,bio11-ch6-epidermal-tissue-system--epidermis--stomata-and-trichomes,c,3,bio,11,Anatomy of Flowering Plants,"Epidermal Tissue System: Epidermis, Stomata and Trichomes",masters/bio11-ch6-epidermal-tissue-system--epidermis--stomata-and-trichomes--c.png,896,560,885e1aab1d224900e5c4139de645812abbfc2a07b6f9ce2ef95172ddf0d2fa86,none,,"guard cell, stomatal pore, subsidiary cell, epidermal cell, chloroplast, cuticle, dumbbell-shaped guard cell, root hair, trichome",generated-free,generated:gemini:batch3/bio11-ch6-epidermal-tissue-system--epidermis--stomata-and-trichomes--c,"MonkLearning (AI-generated, Gemini)",accepted
bio11-ch6-epidermal-tissue-system--epidermis--stomata-and-trichomes--d,bio11-ch6-epidermal-tissue-system--epidermis--stomata-and-trichomes,d,3,bio,11,Anatomy of Flowering Plants,"Epidermal Tissue System: Epidermis, Stomata and Trichomes",masters/bio11-ch6-epidermal-tissue-system--epidermis--stomata-and-trichomes--d.png,896,560,498426caacf3222fe6858282f490875651e64b9b32842698abd18fc7197861f9,none,,"guard cell, stomatal pore, subsidiary cell, epidermal cell, chloroplast, cuticle, dumbbell-shaped guard cell, root hair, trichome",generated-free,generated:gemini:batch3/bio11-ch6-epidermal-tissue-system--epidermis--stomata-and-trichomes--d,"MonkLearning (AI-generated, Gemini)",accepted
bio11-ch6-anatomy-of-dicot-and-monocot-root--a,bio11-ch6-anatomy-of-dicot-and-monocot-root,a,3,bio,11,Anatomy of Flowering Plants,Anatomy of Dicot and Monocot Root,masters/bio11-ch6-anatomy-of-dicot-and-monocot-root--a.png,896,560,1eec8a5de55ad74fdce27e1f0ddc7e9221971f4c765daf28e1e26361255cd72c,none,tetrarch redo,"epiblema, root hair, cortex, endodermis, Casparian strip, pericycle, xylem, phloem, conjunctive tissue, pith, protoxylem, metaxylem",generated-free,generated:gemini:batch3/bio11-ch6-anatomy-of-dicot-and-monocot-root--a,"MonkLearning (AI-generated, Gemini)",accepted
bio11-ch6-anatomy-of-dicot-and-monocot-root--b,bio11-ch6-anatomy-of-dicot-and-monocot-root,b,3,bio,11,Anatomy of Flowering Plants,Anatomy of Dicot and Monocot Root,masters/bio11-ch6-anatomy-of-dicot-and-monocot-root--b.png,896,560,5c9dbdd46c9d1e904a333a73160f9b7bc15c4bbcce61446ed0141c75307216ed,none,,"epiblema, root hair, cortex, endodermis, Casparian strip, pericycle, xylem, phloem, conjunctive tissue, pith, protoxylem, metaxylem",generated-free,generated:gemini:batch3/bio11-ch6-anatomy-of-dicot-and-monocot-root--b,"MonkLearning (AI-generated, Gemini)",accepted
bio11-ch6-anatomy-of-dicot-and-monocot-stem--a,bio11-ch6-anatomy-of-dicot-and-monocot-stem,a,3,bio,11,Anatomy of Flowering Plants,Anatomy of Dicot and Monocot Stem,masters/bio11-ch6-anatomy-of-dicot-and-monocot-stem--a.png,896,560,da34e8a9d85dea8a7401794ddeb5a4b948cda94435ef9a9e871b52c41f1ce63a,none,,"epidermis, cuticle, hypodermis, cortex, endodermis, pericycle, vascular bundle, xylem, phloem, cambium, pith, bundle sheath, ground tissue, medullary ray",generated-free,generated:gemini:batch3/bio11-ch6-anatomy-of-dicot-and-monocot-stem--a,"MonkLearning (AI-generated, Gemini)",accepted
bio11-ch6-anatomy-of-dicot-and-monocot-stem--b,bio11-ch6-anatomy-of-dicot-and-monocot-stem,b,3,bio,11,Anatomy of Flowering Plants,Anatomy of Dicot and Monocot Stem,masters/bio11-ch6-anatomy-of-dicot-and-monocot-stem--b.png,896,560,d5a83a36b2138cc86ab08ebac7937adf40c04eb24114f6dc990e0c0e44503dba,none,,"epidermis, cuticle, hypodermis, cortex, endodermis, pericycle, vascular bundle, xylem, phloem, cambium, pith, bundle sheath, ground tissue, medullary ray",generated-free,generated:gemini:batch3/bio11-ch6-anatomy-of-dicot-and-monocot-stem--b,"MonkLearning (AI-generated, Gemini)",accepted
bio11-ch6-anatomy-of-dorsiventral-and-isobilateral-leaf--a,bio11-ch6-anatomy-of-dorsiventral-and-isobilateral-leaf,a,4,bio,11,Anatomy of Flowering Plants,Anatomy of Dorsiventral and Isobilateral Leaf,masters/bio11-ch6-anatomy-of-dorsiventral-and-isobilateral-leaf--a.png,896,560,ab148da5f42718a59d397401e3b7b96379d3e20370075b673dcfddd253f498f5,none,,"upper epidermis, cuticle, palisade parenchyma, spongy parenchyma, lower epidermis, stoma, vascular bundle, bundle sheath, xylem, phloem, bulliform cell, mesophyll",generated-free,generated:gemini:batch4/bio11-ch6-anatomy-of-dorsiventral-and-isobilateral-leaf--a,"MonkLearning (AI-generated, Gemini)",accepted
bio11-ch6-anatomy-of-dorsiventral-and-isobilateral-leaf--b,bio11-ch6-anatomy-of-dorsiventral-and-isobilateral-leaf,b,4,bio,11,Anatomy of Flowering Plants,Anatomy of Dorsiventral and Isobilateral Leaf,masters/bio11-ch6-anatomy-of-dorsiventral-and-isobilateral-leaf--b.png,896,560,06ee1e0cea9a461994ea863af38a6c30e37845c951828efde88814479f747c66,none,,"upper epidermis, cuticle, palisade parenchyma, spongy parenchyma, lower epidermis, stoma, vascular bundle, bundle sheath, xylem, phloem, bulliform cell, mesophyll",generated-free,generated:gemini:batch4/bio11-ch6-anatomy-of-dorsiventral-and-isobilateral-leaf--b,"MonkLearning (AI-generated, Gemini)",accepted
bio11-ch2-fungal-structure--nutrition-and-modes-of-reproduction--a,bio11-ch2-fungal-structure--nutrition-and-modes-of-reproduction,a,4,bio,11,Biological Classification,"Fungal Structure, Nutrition and Modes of Reproduction",masters/bio11-ch2-fungal-structure--nutrition-and-modes-of-reproduction--a.png,896,560,ab42a992a8f0a6eb3afbffb8bd2f2d7bb00fdfd91d368550ecc1538758f4c77d,none,,"hypha, mycelium, septum, coenocytic hypha, sporangium, spore, sporangiophore, rhizoid, stolon",generated-free,generated:gemini:batch4/bio11-ch2-fungal-structure--nutrition-and-modes-of-reproduction--a,"MonkLearning (AI-generated, Gemini)",accepted
bio11-ch2-fungal-structure--nutrition-and-modes-of-reproduction--b,bio11-ch2-fungal-structure--nutrition-and-modes-of-reproduction,b,4,bio,11,Biological Classification,"Fungal Structure, Nutrition and Modes of Reproduction",masters/bio11-ch2-fungal-structure--nutrition-and-modes-of-reproduction--b.png,896,560,41449e648fd62a149ba62055e0952e64f965523a1a0e8fef873b7e8e9d0f25ec,strip_labels,captions,"hypha, mycelium, septum, coenocytic hypha, sporangium, spore, sporangiophore, rhizoid, stolon",generated-free,generated:gemini:batch4/bio11-ch2-fungal-structure--nutrition-and-modes-of-reproduction--b,"MonkLearning (AI-generated, Gemini)",accepted
bio11-ch3-algae--chlorophyceae--phaeophyceae-and-rhodophyceae--a,bio11-ch3-algae--chlorophyceae--phaeophyceae-and-rhodophyceae,a,4,bio,11,Plant Kingdom,"Algae: Chlorophyceae, Phaeophyceae and Rhodophyceae",masters/bio11-ch3-algae--chlorophyceae--phaeophyceae-and-rhodophyceae--a.png,896,560,e32844bb8f378768beb9d185662d3562f57f219d035c037f1b15b67be7d5b972,none,,"flagellum, cup-shaped chloroplast, pyrenoid, eyespot, nucleus, cell wall, colony, spiral chloroplast, holdfast, stipe, blade",generated-free,generated:gemini:batch4/bio11-ch3-algae--chlorophyceae--phaeophyceae-and-rhodophyceae--a,"MonkLearning (AI-generated, Gemini)",accepted
bio11-ch3-algae--chlorophyceae--phaeophyceae-and-rhodophyceae--c,bio11-ch3-algae--chlorophyceae--phaeophyceae-and-rhodophyceae,c,4,bio,11,Plant Kingdom,"Algae: Chlorophyceae, Phaeophyceae and Rhodophyceae",masters/bio11-ch3-algae--chlorophyceae--phaeophyceae-and-rhodophyceae--c.png,896,560,0160cf1539674d6aa50b26b88bdb1069e8d378a3154ce5e0d702fa6970a151a2,none,,"flagellum, cup-shaped chloroplast, pyrenoid, eyespot, nucleus, cell wall, colony, spiral chloroplast, holdfast, stipe, blade",generated-free,generated:gemini:batch4/bio11-ch3-algae--chlorophyceae--phaeophyceae-and-rhodophyceae--c,"MonkLearning (AI-generated, Gemini)",accepted
bio11-ch3-algae--chlorophyceae--phaeophyceae-and-rhodophyceae--d,bio11-ch3-algae--chlorophyceae--phaeophyceae-and-rhodophyceae,d,4,bio,11,Plant Kingdom,"Algae: Chlorophyceae, Phaeophyceae and Rhodophyceae",masters/bio11-ch3-algae--chlorophyceae--phaeophyceae-and-rhodophyceae--d.png,896,560,2c563bbdf4d19ca3b01587389fc6e2d33c070ad710e706a4336501dacaa2eb0f,none,,"flagellum, cup-shaped chloroplast, pyrenoid, eyespot, nucleus, cell wall, colony, spiral chloroplast, holdfast, stipe, blade",generated-free,generated:gemini:batch4/bio11-ch3-algae--chlorophyceae--phaeophyceae-and-rhodophyceae--d,"MonkLearning (AI-generated, Gemini)",accepted
bio11-ch3-bryophytes--liverworts-and-mosses--b,bio11-ch3-bryophytes--liverworts-and-mosses,b,4,bio,11,Plant Kingdom,Bryophytes: Liverworts and Mosses,masters/bio11-ch3-bryophytes--liverworts-and-mosses--b.png,896,560,f59293710f85d1bcbf9dd4b231d65103010563fb88d4cf13a9a1435e1e9299a2,none,,"thallus, gemma cup, rhizoid, antheridiophore, archegoniophore, leaf, stem, seta, capsule, operculum, peristome",generated-free,generated:gemini:batch4/bio11-ch3-bryophytes--liverworts-and-mosses--b,"MonkLearning (AI-generated, Gemini)",accepted
bio11-ch3-gymnosperms--characteristics--structure-and-examples--a,bio11-ch3-gymnosperms--characteristics--structure-and-examples,a,4,bio,11,Plant Kingdom,"Gymnosperms: Characteristics, Structure and Examples",masters/bio11-ch3-gymnosperms--characteristics--structure-and-examples--a.png,896,560,b623c3d649dcf110b994cfd0eb84b5b0460458813300478febbacf249a6aa2c5,none,,"needle, dwarf shoot, male cone, female cone, microsporophyll, megasporophyll, seed, wing, cone scale",generated-free,generated:gemini:batch4/bio11-ch3-gymnosperms--characteristics--structure-and-examples--a,"MonkLearning (AI-generated, Gemini)",accepted
bio11-ch3-gymnosperms--characteristics--structure-and-examples--b,bio11-ch3-gymnosperms--characteristics--structure-and-examples,b,4,bio,11,Plant Kingdom,"Gymnosperms: Characteristics, Structure and Examples",masters/bio11-ch3-gymnosperms--characteristics--structure-and-examples--b.png,896,560,e076f16e6a0e3e2f2e7db0ca9b02a05b5f3a523383d6b53b6fa2f2a3283b4d33,none,,"needle, dwarf shoot, male cone, female cone, microsporophyll, megasporophyll, seed, wing, cone scale",generated-free,generated:gemini:batch4/bio11-ch3-gymnosperms--characteristics--structure-and-examples--b,"MonkLearning (AI-generated, Gemini)",accepted
bio11-ch4-phylum-porifera,bio11-ch4-phylum-porifera,,4,bio,11,Animal Kingdom,Phylum Porifera,masters/bio11-ch4-phylum-porifera.png,896,560,ab26ee37c9e44146e703ee7ecf61cf8c39a9a0e0be2f3a572702a1bf6c403b7b,strip_labels,labelled; internal arrows kept,"osculum, ostium, spongocoel, choanocyte, spicule, body wall, water flow",generated-free,generated:gemini:batch4/bio11-ch4-phylum-porifera,"MonkLearning (AI-generated, Gemini)",accepted
bio11-ch4-phylum-coelenterata-and-ctenophora--a,bio11-ch4-phylum-coelenterata-and-ctenophora,a,4,bio,11,Animal Kingdom,Phylum Coelenterata and Ctenophora,masters/bio11-ch4-phylum-coelenterata-and-ctenophora--a.png,896,560,668c4728d7f24cb79771f3a8e5127e4ed180ee8ce9934d252f75d5fcf0da8bfb,none,,"tentacle, hypostome, mouth, basal disc, bud, gastrovascular cavity, cnidoblast, umbrella, comb plate",generated-free,generated:gemini:batch4/bio11-ch4-phylum-coelenterata-and-ctenophora--a,"MonkLearning (AI-generated, Gemini)",accepted
bio11-ch4-phylum-coelenterata-and-ctenophora--b,bio11-ch4-phylum-coelenterata-and-ctenophora,b,4,bio,11,Animal Kingdom,Phylum Coelenterata and Ctenophora,masters/bio11-ch4-phylum-coelenterata-and-ctenophora--b.png,896,560,bd41ba08d1ef9a19deff6c81d8b4db271e76130ae10af66a85665dd9cb4dd542,none,,"tentacle, hypostome, mouth, basal disc, bud, gastrovascular cavity, cnidoblast, umbrella, comb plate",generated-free,generated:gemini:batch4/bio11-ch4-phylum-coelenterata-and-ctenophora--b,"MonkLearning (AI-generated, Gemini)",accepted
bio11-ch4-phylum-coelenterata-and-ctenophora--c,bio11-ch4-phylum-coelenterata-and-ctenophora,c,4,bio,11,Animal Kingdom,Phylum Coelenterata and Ctenophora,masters/bio11-ch4-phylum-coelenterata-and-ctenophora--c.png,896,560,38838a076811dc91c1bd2ad9d288d6ed43d7f4c5211a3bab826e0a27090dce17,none,Gemini text-removal edit,"tentacle, hypostome, mouth, basal disc, bud, gastrovascular cavity, cnidoblast, umbrella, comb plate",generated-free,generated:gemini:batch4/bio11-ch4-phylum-coelenterata-and-ctenophora--c,"MonkLearning (AI-generated, Gemini)",accepted
bio11-ch4-phylum-coelenterata-and-ctenophora--d,bio11-ch4-phylum-coelenterata-and-ctenophora,d,4,bio,11,Animal Kingdom,Phylum Coelenterata and Ctenophora,masters/bio11-ch4-phylum-coelenterata-and-ctenophora--d.png,896,560,d811799b884604fb8a21140cad67458851252446c2bb1bcb14621a31f66c5cad,none,,"tentacle, hypostome, mouth, basal disc, bud, gastrovascular cavity, cnidoblast, umbrella, comb plate",generated-free,generated:gemini:batch4/bio11-ch4-phylum-coelenterata-and-ctenophora--d,"MonkLearning (AI-generated, Gemini)",accepted
bio11-ch4-phylum-platyhelminthes--a,bio11-ch4-phylum-platyhelminthes,a,4,bio,11,Animal Kingdom,Phylum Platyhelminthes,masters/bio11-ch4-phylum-platyhelminthes--a.png,896,560,0e429ee57c5ecf7b6e4f080a4384168971940ec4559124237f71a7c303710f1d,none,,"scolex, hook, sucker, neck, proglottid, mature proglottid, gravid proglottid",generated-free,generated:gemini:batch4/bio11-ch4-phylum-platyhelminthes--a,"MonkLearning (AI-generated, Gemini)",accepted
bio11-ch4-phylum-platyhelminthes--b,bio11-ch4-phylum-platyhelminthes,b,4,bio,11,Animal Kingdom,Phylum Platyhelminthes,masters/bio11-ch4-phylum-platyhelminthes--b.png,896,560,5c41a73937d85277fa13980a73a469349ec82b7eb10778c6f29a7fbadf92ab04,none,,"scolex, hook, sucker, neck, proglottid, mature proglottid, gravid proglottid",generated-free,generated:gemini:batch4/bio11-ch4-phylum-platyhelminthes--b,"MonkLearning (AI-generated, Gemini)",accepted
bio11-ch4-phylum-aschelminthes--nematoda,bio11-ch4-phylum-aschelminthes--nematoda,,4,bio,11,Animal Kingdom,Phylum Aschelminthes (Nematoda),masters/bio11-ch4-phylum-aschelminthes--nematoda.png,896,560,24b14387f4786dad5c86bcd950656352b9cfef6f164a630b674c138fa6df2ebe,none,,"mouth, lip, female, male, curved tail, anus, cloacal aperture, pre-anal papilla",generated-free,generated:gemini:batch4/bio11-ch4-phylum-aschelminthes--nematoda,"MonkLearning (AI-generated, Gemini)",accepted
bio11-ch4-phylum-annelida--a,bio11-ch4-phylum-annelida,a,5,bio,11,Animal Kingdom,Phylum Annelida,masters/bio11-ch4-phylum-annelida--a.png,896,560,daa93abcb71f380d65e0c8aa4e00b7efb4a09ed27923d5f07dfe7edd76521f6d,none,Nereis,"prostomium, segment, parapodium, clitellum, seta, anus",generated-free,generated:gemini:batch5/bio11-ch4-phylum-annelida--a,"MonkLearning (AI-generated, Gemini)",accepted
bio11-ch4-phylum-annelida--b,bio11-ch4-phylum-annelida,b,5,bio,11,Animal Kingdom,Phylum Annelida,masters/bio11-ch4-phylum-annelida--b.png,896,560,5308572438ccd6f3405e25baf6e476eebbd1e784f014fd5f0212c67d7c157716,none,Pheretima habit,"prostomium, segment, parapodium, clitellum, seta, anus",generated-free,generated:gemini:batch5/bio11-ch4-phylum-annelida--b,"MonkLearning (AI-generated, Gemini)",accepted
bio11-ch4-phylum-arthropoda--b,bio11-ch4-phylum-arthropoda,b,5,bio,11,Animal Kingdom,Phylum Arthropoda,masters/bio11-ch4-phylum-arthropoda--b.png,896,560,2ebfab2511729f5586ef3d5e4d2ebfb18579b85cfbf74ea9b441ff400c977ed6,none,locust,"head, thorax, abdomen, antenna, compound eye, jointed appendage, wing, exoskeleton, sting",generated-free,generated:gemini:batch5/bio11-ch4-phylum-arthropoda--b,"MonkLearning (AI-generated, Gemini)",accepted
bio11-ch4-phylum-arthropoda--c,bio11-ch4-phylum-arthropoda,c,5,bio,11,Animal Kingdom,Phylum Arthropoda,masters/bio11-ch4-phylum-arthropoda--c.png,896,560,4219a693668a2e045b4892a167df5d62fab144a73981e075fbc71599b1d8c739,none,scorpion,"head, thorax, abdomen, antenna, compound eye, jointed appendage, wing, exoskeleton, sting",generated-free,generated:gemini:batch5/bio11-ch4-phylum-arthropoda--c,"MonkLearning (AI-generated, Gemini)",accepted
bio11-ch4-phylum-arthropoda--e,bio11-ch4-phylum-arthropoda,e,5,bio,11,Animal Kingdom,Phylum Arthropoda,masters/bio11-ch4-phylum-arthropoda--e.png,896,560,fa2234b6cc412e642c856ceab519bc35ce8104aaa67789f4cb38a7c2cac3e5c3,none,Bombyx,"head, thorax, abdomen, antenna, compound eye, jointed appendage, wing, exoskeleton, sting",generated-free,generated:gemini:batch5/bio11-ch4-phylum-arthropoda--e,"MonkLearning (AI-generated, Gemini)",accepted
bio11-ch4-phylum-arthropoda--f,bio11-ch4-phylum-arthropoda,f,5,bio,11,Animal Kingdom,Phylum Arthropoda,masters/bio11-ch4-phylum-arthropoda--f.png,896,560,e0c638b5e2d41e5cda6252481adb66fa08853c8629f2f0e105bfd2c48c4c5c60,none,Laccifer,"head, thorax, abdomen, antenna, compound eye, jointed appendage, wing, exoskeleton, sting",generated-free,generated:gemini:batch5/bio11-ch4-phylum-arthropoda--f,"MonkLearning (AI-generated, Gemini)",accepted
bio11-ch4-phylum-mollusca--a,bio11-ch4-phylum-mollusca,a,5,bio,11,Animal Kingdom,Phylum Mollusca,masters/bio11-ch4-phylum-mollusca--a.png,896,560,e90b854e6e1d8180e3d13ff9e4e7563582a48e415449b0e59e40625d46afcb1c,none,Pila,"shell, mantle, foot, tentacle, visceral hump, head, radula, siphon",generated-free,generated:gemini:batch5/bio11-ch4-phylum-mollusca--a,"MonkLearning (AI-generated, Gemini)",accepted
bio11-ch4-phylum-mollusca--c,bio11-ch4-phylum-mollusca,c,5,bio,11,Animal Kingdom,Phylum Mollusca,masters/bio11-ch4-phylum-mollusca--c.png,896,560,1a405324c7d4917a5881e5eaf512a146998a1a3cacac393ada641ac9ce65571e,none,Pinctada,"shell, mantle, foot, tentacle, visceral hump, head, radula, siphon",generated-free,generated:gemini:batch5/bio11-ch4-phylum-mollusca--c,"MonkLearning (AI-generated, Gemini)",accepted
bio11-ch4-phylum-echinodermata-and-hemichordata--a,bio11-ch4-phylum-echinodermata-and-hemichordata,a,5,bio,11,Animal Kingdom,Phylum Echinodermata and Hemichordata,masters/bio11-ch4-phylum-echinodermata-and-hemichordata--a.png,896,560,c79f58f3c15dbfe2113ed9ce7ee70b716cd99a6984fba4882b2a59daa3ed9d61,none,Asterias,"arm, central disc, tube feet, madreporite, ambulacral groove, proboscis, collar, trunk",generated-free,generated:gemini:batch5/bio11-ch4-phylum-echinodermata-and-hemichordata--a,"MonkLearning (AI-generated, Gemini)",accepted
bio11-ch4-phylum-echinodermata-and-hemichordata--b,bio11-ch4-phylum-echinodermata-and-hemichordata,b,5,bio,11,Animal Kingdom,Phylum Echinodermata and Hemichordata,masters/bio11-ch4-phylum-echinodermata-and-hemichordata--b.png,896,560,52c85f79364510f9e27893c5e640e80e3fec5d2fa8abb30a8246dffac53a8003,none,Balanoglossus,"arm, central disc, tube feet, madreporite, ambulacral groove, proboscis, collar, trunk",generated-free,generated:gemini:batch5/bio11-ch4-phylum-echinodermata-and-hemichordata--b,"MonkLearning (AI-generated, Gemini)",accepted
bio11-ch4-class-cyclostomata--chondrichthyes-and-osteichthyes--a,bio11-ch4-class-cyclostomata--chondrichthyes-and-osteichthyes,a,5,bio,11,Animal Kingdom,"Class Cyclostomata, Chondrichthyes and Osteichthyes",masters/bio11-ch4-class-cyclostomata--chondrichthyes-and-osteichthyes--a.png,896,560,5ddae7ea918ccfa16eb73d00a085da867f7eccd286fbb39b117541923513a22c,none,Petromyzon,"circular sucking mouth, gill slit, placoid scale, ventral mouth, heterocercal tail, pectoral fin, operculum, homocercal tail, cycloid scale",generated-free,generated:gemini:batch5/bio11-ch4-class-cyclostomata--chondrichthyes-and-osteichthyes--a,"MonkLearning (AI-generated, Gemini)",accepted
bio11-ch4-class-cyclostomata--chondrichthyes-and-osteichthyes--b,bio11-ch4-class-cyclostomata--chondrichthyes-and-osteichthyes,b,5,bio,11,Animal Kingdom,"Class Cyclostomata, Chondrichthyes and Osteichthyes",masters/bio11-ch4-class-cyclostomata--chondrichthyes-and-osteichthyes--b.png,896,560,9c1b7cca51c0f53850f86e7f568c70ea86a68e887b058cfec5d309d7ffeb9aba,none,Scoliodon; DO NOT strip (grey inset),"circular sucking mouth, gill slit, placoid scale, ventral mouth, heterocercal tail, pectoral fin, operculum, homocercal tail, cycloid scale",generated-free,generated:gemini:batch5/bio11-ch4-class-cyclostomata--chondrichthyes-and-osteichthyes--b,"MonkLearning (AI-generated, Gemini)",accepted
bio11-ch4-class-cyclostomata--chondrichthyes-and-osteichthyes--c,bio11-ch4-class-cyclostomata--chondrichthyes-and-osteichthyes,c,5,bio,11,Animal Kingdom,"Class Cyclostomata, Chondrichthyes and Osteichthyes",masters/bio11-ch4-class-cyclostomata--chondrichthyes-and-osteichthyes--c.png,896,560,68f9b6db12a090fa82450fed56b7589df88a655b58976b5d76dd65537977276c,none,Labeo,"circular sucking mouth, gill slit, placoid scale, ventral mouth, heterocercal tail, pectoral fin, operculum, homocercal tail, cycloid scale",generated-free,generated:gemini:batch5/bio11-ch4-class-cyclostomata--chondrichthyes-and-osteichthyes--c,"MonkLearning (AI-generated, Gemini)",accepted
bio11-ch4-class-amphibia-and-reptilia--b,bio11-ch4-class-amphibia-and-reptilia,b,5,bio,11,Animal Kingdom,Class Amphibia and Reptilia,masters/bio11-ch4-class-amphibia-and-reptilia--b.png,896,560,09676fe7d6f82315e0c8a28940f5acf91cc8269ef496d717eda72296a653b288,none,Chelone,"moist skin, webbed foot, tympanum, scale, shell, hood, prehensile tail",generated-free,generated:gemini:batch5/bio11-ch4-class-amphibia-and-reptilia--b,"MonkLearning (AI-generated, Gemini)",accepted
bio11-ch4-class-amphibia-and-reptilia--c,bio11-ch4-class-amphibia-and-reptilia,c,5,bio,11,Animal Kingdom,Class Amphibia and Reptilia,masters/bio11-ch4-class-amphibia-and-reptilia--c.png,896,560,45f1529814042a96bc4374252bf78a70f23df6ad4de14c802a0a1849904b2add,none,Naja,"moist skin, webbed foot, tympanum, scale, shell, hood, prehensile tail",generated-free,generated:gemini:batch5/bio11-ch4-class-amphibia-and-reptilia--c,"MonkLearning (AI-generated, Gemini)",accepted
bio11-ch4-class-amphibia-and-reptilia--d,bio11-ch4-class-amphibia-and-reptilia,d,5,bio,11,Animal Kingdom,Class Amphibia and Reptilia,masters/bio11-ch4-class-amphibia-and-reptilia--d.png,896,560,2bb3dc3c8452a37e668cd702f8f092fcd5baa4256b8875b3cc55fa87cd03368d,none,Chameleon,"moist skin, webbed foot, tympanum, scale, shell, hood, prehensile tail",generated-free,generated:gemini:batch5/bio11-ch4-class-amphibia-and-reptilia--d,"MonkLearning (AI-generated, Gemini)",accepted
bio11-ch4-class-aves-and-mammalia--a,bio11-ch4-class-aves-and-mammalia,a,5,bio,11,Animal Kingdom,Class Aves and Mammalia,masters/bio11-ch4-class-aves-and-mammalia--a.png,896,560,1be1a8b96ddea44e818420a8a51279435c815cbb68269b32dbc6f5d78bf5ad3e,none,pigeon + bone inset,"feather, beak, wing, hollow bone, air cavity, fur, pouch, mammary gland",generated-free,generated:gemini:batch5/bio11-ch4-class-aves-and-mammalia--a,"MonkLearning (AI-generated, Gemini)",accepted
bio11-ch4-class-aves-and-mammalia--b,bio11-ch4-class-aves-and-mammalia,b,5,bio,11,Animal Kingdom,Class Aves and Mammalia,masters/bio11-ch4-class-aves-and-mammalia--b.png,896,560,fcea58381b1de2a40fbc843e4182654b57892186b6c31b6248a4d97bd33477a3,none,Ornithorhynchus,"feather, beak, wing, hollow bone, air cavity, fur, pouch, mammary gland",generated-free,generated:gemini:batch5/bio11-ch4-class-aves-and-mammalia--b,"MonkLearning (AI-generated, Gemini)",accepted
bio11-ch4-class-aves-and-mammalia--c,bio11-ch4-class-aves-and-mammalia,c,5,bio,11,Animal Kingdom,Class Aves and Mammalia,masters/bio11-ch4-class-aves-and-mammalia--c.png,896,560,b165418cc1a13251bcce38c1e6b6d602cda8dc31c470ab56be3ce4faf31f3d70,none,Macropus,"feather, beak, wing, hollow bone, air cavity, fur, pouch, mammary gland",generated-free,generated:gemini:batch5/bio11-ch4-class-aves-and-mammalia--c,"MonkLearning (AI-generated, Gemini)",accepted
bio11-ch4-class-aves-and-mammalia--d,bio11-ch4-class-aves-and-mammalia,d,5,bio,11,Animal Kingdom,Class Aves and Mammalia,masters/bio11-ch4-class-aves-and-mammalia--d.png,896,560,75c7369803fffcb94eb0fece6a4005a46048832ff0857233f064b0ac4b90b4c4,none,Pteropus,"feather, beak, wing, hollow bone, air cavity, fur, pouch, mammary gland",generated-free,generated:gemini:batch5/bio11-ch4-class-aves-and-mammalia--d,"MonkLearning (AI-generated, Gemini)",accepted
bio11-ch7-earthworm--circulatory--excretory-and-reproductive-systems--a,bio11-ch7-earthworm--circulatory--excretory-and-reproductive-systems,a,5,bio,11,Structural Organisation in Animals,"Earthworm: Circulatory, Excretory and Reproductive Systems",masters/bio11-ch7-earthworm--circulatory--excretory-and-reproductive-systems--a.png,896,560,b21c6daa394738e29eee0faa817df22024946d699344cbfd04d5f4e746c117e3,none,,"dorsal blood vessel, ventral blood vessel, lateral heart, supra-oesophageal vessel, septal nephridium, pharyngeal nephridium, integumentary nephridium, testis, testis sac, seminal vesicle, vas deferens, prostate gland, ovary, oviduct, spermatheca",generated-free,generated:gemini:batch5/bio11-ch7-earthworm--circulatory--excretory-and-reproductive-systems--a,"MonkLearning (AI-generated, Gemini)",accepted
bio11-ch7-earthworm--circulatory--excretory-and-reproductive-systems--b,bio11-ch7-earthworm--circulatory--excretory-and-reproductive-systems,b,5,bio,11,Structural Organisation in Animals,"Earthworm: Circulatory, Excretory and Reproductive Systems",masters/bio11-ch7-earthworm--circulatory--excretory-and-reproductive-systems--b.png,896,560,1d06101282c7103449b7318dbac28744a2b165b15021431789ac7497012a0d20,strip_labels,captions + labels,"dorsal blood vessel, ventral blood vessel, lateral heart, supra-oesophageal vessel, septal nephridium, pharyngeal nephridium, integumentary nephridium, testis, testis sac, seminal vesicle, vas deferens, prostate gland, ovary, oviduct, spermatheca",generated-free,generated:gemini:batch5/bio11-ch7-earthworm--circulatory--excretory-and-reproductive-systems--b,"MonkLearning (AI-generated, Gemini)",accepted
bio11-ch7-earthworm--circulatory--excretory-and-reproductive-systems--c,bio11-ch7-earthworm--circulatory--excretory-and-reproductive-systems,c,5,bio,11,Structural Organisation in Animals,"Earthworm: Circulatory, Excretory and Reproductive Systems",masters/bio11-ch7-earthworm--circulatory--excretory-and-reproductive-systems--c.png,924,578,3e7a555415c2f93138da63d8284bcf265657c8e94fab05896e869eb6993bcef8,crop,segment numbers cropped off (strip would erase the segment outlines),"dorsal blood vessel, ventral blood vessel, lateral heart, supra-oesophageal vessel, septal nephridium, pharyngeal nephridium, integumentary nephridium, testis, testis sac, seminal vesicle, vas deferens, prostate gland, ovary, oviduct, spermatheca",generated-free,generated:gemini:batch5/bio11-ch7-earthworm--circulatory--excretory-and-reproductive-systems--c,"MonkLearning (AI-generated, Gemini)",accepted
bio11-ch7-connective-tissue--types-and-matrix--a,bio11-ch7-connective-tissue--types-and-matrix,a,2,bio,11,Structural Organisation in Animals,Connective Tissue: Types and Matrix,masters/bio11-ch7-connective-tissue--types-and-matrix--a.png,896,560,6eb9b21edd7b64d99e8d92852104915de7d763bfea5d678cc3f9b58a0430cf71,none,areolar,"fibroblast, collagen fibre, elastin fibre, macrophage, mast cell, matrix, adipocyte, fat droplet, tendon, chondrocyte, lacuna, osteocyte, Haversian canal, lamella, canaliculus",generated-free,generated:gemini:batch2/bio11-ch7-connective-tissue--types-and-matrix--a,"MonkLearning (AI-generated, Gemini)",accepted
bio11-ch7-connective-tissue--types-and-matrix--e,bio11-ch7-connective-tissue--types-and-matrix,e,2,bio,11,Structural Organisation in Animals,Connective Tissue: Types and Matrix,masters/bio11-ch7-connective-tissue--types-and-matrix--e.png,896,560,5750c43af28f22929fac05b271ce08605d76f45bb606a3c960b1c61f9262b2b3,none,compact bone,"fibroblast, collagen fibre, elastin fibre, macrophage, mast cell, matrix, adipocyte, fat droplet, tendon, chondrocyte, lacuna, osteocyte, Haversian canal, lamella, canaliculus",generated-free,generated:gemini:batch2/bio11-ch7-connective-tissue--types-and-matrix--e,"MonkLearning (AI-generated, Gemini)",accepted
bio11-ch7-muscular-tissue--skeletal--smooth-and-cardiac--a,bio11-ch7-muscular-tissue--skeletal--smooth-and-cardiac,a,2,bio,11,Structural Organisation in Animals,"Muscular Tissue: Skeletal, Smooth and Cardiac",masters/bio11-ch7-muscular-tissue--skeletal--smooth-and-cardiac--a.png,952,595,0b175a1adb03db7fffaf22fd764d88332dc2deb26cc63024bc02d7bfdb130dea,none,skeletal,"skeletal muscle fibre, striation, nucleus, sarcolemma, smooth muscle fibre, spindle shape, cardiac muscle fibre, intercalated disc, branching",generated-free,generated:gemini:batch2/bio11-ch7-muscular-tissue--skeletal--smooth-and-cardiac--a,"MonkLearning (AI-generated, Gemini)",accepted
bio11-ch7-earthworm--morphology-and-digestive-system--a,bio11-ch7-earthworm--morphology-and-digestive-system,a,2,bio,11,Structural Organisation in Animals,Earthworm: Morphology and Digestive System,masters/bio11-ch7-earthworm--morphology-and-digestive-system--a.png,896,560,9c2789c49c8ac6ba3280a457a8c67e25449b446f24e72dc3de509c2d1e653e8b,none,Pheretima dorsal,"prostomium, peristomium, mouth, clitellum, seta, genital papilla, female genital pore, male genital pore, spermathecal pore, anus, buccal cavity, pharynx, oesophagus, gizzard, stomach, intestine, typhlosole, calciferous gland, intestinal caeca",generated-free,generated:gemini:batch2/bio11-ch7-earthworm--morphology-and-digestive-system--a,"MonkLearning (AI-generated, Gemini)",accepted
bio11-ch6-simple-permanent-tissues--parenchyma--collenchyma-and-sclerenchyma--b,bio11-ch6-simple-permanent-tissues--parenchyma--collenchyma-and-sclerenchyma,b,3,biology,11,Anatomy of Flowering Plants,"Simple Permanent Tissues: Parenchyma, Collenchyma and Sclerenchyma",masters/bio11-ch6-simple-permanent-tissues--parenchyma--collenchyma-and-sclerenchyma--b.png,896,560,98f3190fc39ac336ef208a3bdebb8c40cc4d4485cff6eea09aa1a9d28709cb8c,none,"collenchyma; label list authored per sub-asset, not shared across the set","collenchyma, cell wall, thickened corner",generated-free,generated:gemini:batch3/bio11-ch6-simple-permanent-tissues--parenchyma--collenchyma-and-sclerenchyma--b,"MonkLearning (AI-generated, Gemini)",accepted
bio11-ch6-xylem--structure-and-conducting-elements,bio11-ch6-xylem--structure-and-conducting-elements,,3,bio,11,Anatomy of Flowering Plants,Xylem: Structure and Conducting Elements,masters/bio11-ch6-xylem--structure-and-conducting-elements.png,896,560,631e71518da2c4152c7f06c9736b7f2e5f3d968361b148df7406f43031d18785,strip_labels,labelled top+bottom,"tracheid, vessel, xylem fibre, xylem parenchyma, pit, perforation plate, lignified wall, tapering end",generated-free,generated:gemini:batch3/bio11-ch6-xylem--structure-and-conducting-elements,"MonkLearning (AI-generated, Gemini)",accepted
bio11-ch6-phloem--structure-and-conducting-elements,bio11-ch6-phloem--structure-and-conducting-elements,,3,bio,11,Anatomy of Flowering Plants,Phloem: Structure and Conducting Elements,masters/bio11-ch6-phloem--structure-and-conducting-elements.png,896,560,2d252f9b89f01363cb48d6af23eed4be9e0649141fc2b9a7f08398603be650b9,none,,"sieve tube element, sieve plate, sieve pore, companion cell, phloem parenchyma, phloem fibre, nucleus",generated-free,generated:gemini:batch3/bio11-ch6-phloem--structure-and-conducting-elements,"MonkLearning (AI-generated, Gemini)",accepted
bio11-ch6-epidermal-tissue-system--epidermis--stomata-and-trichomes--a,bio11-ch6-epidermal-tissue-system--epidermis--stomata-and-trichomes,a,3,bio,11,Anatomy of Flowering Plants,"Epidermal Tissue System: Epidermis, Stomata and Trichomes",masters/bio11-ch6-epidermal-tissue-system--epidermis--stomata-and-trichomes--a.png,952,595,9a54a31e990e0f273dee6fa7de76edc6c920da02fe0c26c9860a82c55b3d65eb,none,dicot stoma,"guard cell, stomatal pore, subsidiary cell, epidermal cell, chloroplast, cuticle, dumbbell-shaped guard cell, root hair, trichome",generated-free,generated:gemini:batch3/bio11-ch6-epidermal-tissue-system--epidermis--stomata-and-trichomes--a,"MonkLearning (AI-generated, Gemini)",accepted
bio11-ch2-fungal-structure--nutrition-and-modes-of-reproduction--c,bio11-ch2-fungal-structure--nutrition-and-modes-of-reproduction,c,4,bio,11,Biological Classification,"Fungal Structure, Nutrition and Modes of Reproduction",masters/bio11-ch2-fungal-structure--nutrition-and-modes-of-reproduction--c.png,896,560,dca8f376a2f86d6fd8c4137971318dea04c14313ef249e20b17b1515fba3485f,strip_labels,"+/- signs, divider","hypha, mycelium, septum, coenocytic hypha, sporangium, spore, sporangiophore, rhizoid, stolon",generated-free,generated:gemini:batch4/bio11-ch2-fungal-structure--nutrition-and-modes-of-reproduction--c,"MonkLearning (AI-generated, Gemini)",accepted
bio11-ch3-algae--chlorophyceae--phaeophyceae-and-rhodophyceae--e,bio11-ch3-algae--chlorophyceae--phaeophyceae-and-rhodophyceae,e,4,bio,11,Plant Kingdom,"Algae: Chlorophyceae, Phaeophyceae and Rhodophyceae",masters/bio11-ch3-algae--chlorophyceae--phaeophyceae-and-rhodophyceae--e.png,896,560,ae0d59bcd989ac5b70e7b2bae57138f52117174150cd77eb65f8b0c613057d92,none,Polysiphonia,"flagellum, cup-shaped chloroplast, pyrenoid, eyespot, nucleus, cell wall, colony, spiral chloroplast, holdfast, stipe, blade",generated-free,generated:gemini:batch4/bio11-ch3-algae--chlorophyceae--phaeophyceae-and-rhodophyceae--e,"MonkLearning (AI-generated, Gemini)",accepted
bio11-ch3-bryophytes--liverworts-and-mosses--a,bio11-ch3-bryophytes--liverworts-and-mosses,a,4,bio,11,Plant Kingdom,Bryophytes: Liverworts and Mosses,masters/bio11-ch3-bryophytes--liverworts-and-mosses--a.png,896,560,0148291e587242d5026eaba23056a76be1b41fd1bdf70ccbc528a845086a3fa6,none,Marchantia,"thallus, gemma cup, rhizoid, antheridiophore, archegoniophore, leaf, stem, seta, capsule, operculum, peristome",generated-free,generated:gemini:batch4/bio11-ch3-bryophytes--liverworts-and-mosses--a,"MonkLearning (AI-generated, Gemini)",accepted
bio11-ch4-phylum-arthropoda--a,bio11-ch4-phylum-arthropoda,a,5,bio,11,Animal Kingdom,Phylum Arthropoda,masters/bio11-ch4-phylum-arthropoda--a.png,896,560,5b7cff8cc73398bd9341d0b3b6ad1eb2726aea3d6bb4c53681f46c2d72901493,none,Apis,"head, thorax, abdomen, antenna, compound eye, jointed appendage, wing, exoskeleton, sting",generated-free,generated:gemini:batch5/bio11-ch4-phylum-arthropoda--a,"MonkLearning (AI-generated, Gemini)",accepted
bio11-ch4-phylum-arthropoda--d,bio11-ch4-phylum-arthropoda,d,5,bio,11,Animal Kingdom,Phylum Arthropoda,masters/bio11-ch4-phylum-arthropoda--d.png,1376,860,2927142fdc1cf6884ad0c0c81ec55da47eb09061f20e2e95d0aa5563183c16c1,none,prawn,"head, thorax, abdomen, antenna, compound eye, jointed appendage, wing, exoskeleton, sting",generated-free,generated:gemini:batch5/bio11-ch4-phylum-arthropoda--d,"MonkLearning (AI-generated, Gemini)",accepted
bio11-ch4-phylum-mollusca--b,bio11-ch4-phylum-mollusca,b,5,bio,11,Animal Kingdom,Phylum Mollusca,masters/bio11-ch4-phylum-mollusca--b.png,1376,860,ea9eae7dbd64b6e8cf4808fa0047433f053a6697f0ac5a0e9dd180fcc6c43ef6,none,Octopus,"shell, mantle, foot, tentacle, visceral hump, head, radula, siphon",generated-free,generated:gemini:batch5/bio11-ch4-phylum-mollusca--b,"MonkLearning (AI-generated, Gemini)",accepted
bio11-ch6-cork-cambium--periderm-and-lenticels,bio11-ch6-cork-cambium--periderm-and-lenticels,,4,bio,11,Anatomy of Flowering Plants,"Cork Cambium, Periderm and Lenticels",masters/bio11-ch6-cork-cambium--periderm-and-lenticels.png,1376,860,9ea2513f7aefb370c2ea44c44fe9b6d9e107ea318a5646e266fc7e39beee04bf,strip_labels,"redo, correct order; labelled","phellem, phellogen, phelloderm, periderm, lenticel, complementary cell, epidermis, cortex",generated-free,generated:gemini:batch4/bio11-ch6-cork-cambium--periderm-and-lenticels,"MonkLearning (AI-generated, Gemini)",accepted
bio11-ch3-algae--chlorophyceae--phaeophyceae-and-rhodophyceae--b,bio11-ch3-algae--chlorophyceae--phaeophyceae-and-rhodophyceae,b,4,bio,11,Plant Kingdom,"Algae: Chlorophyceae, Phaeophyceae and Rhodophyceae",masters/bio11-ch3-algae--chlorophyceae--phaeophyceae-and-rhodophyceae--b.png,1376,860,1096012312efa625247ce1b1771020ccf90848700073bbb3c240e46ae2f7ae88,none,Volvox,"flagellum, cup-shaped chloroplast, pyrenoid, eyespot, nucleus, cell wall, colony, spiral chloroplast, holdfast, stipe, blade",generated-free,generated:gemini:batch4/bio11-ch3-algae--chlorophyceae--phaeophyceae-and-rhodophyceae--b,"MonkLearning (AI-generated, Gemini)",accepted
bio11-ch7-frog--circulatory-and-respiratory-systems--a,bio11-ch7-frog--circulatory-and-respiratory-systems,a,1,bio,11,Structural Organisation in Animals,Frog: Circulatory and Respiratory Systems,masters/bio11-ch7-frog--circulatory-and-respiratory-systems--a.png,1800,1240,21bc285f3fc51cf15933dc21bf23dc43b0fd4f2778595d00f4514d7ba660b7fa,strip_labels,drawn in-house; master of record is content/illustrations/svg/. Raster rendered from it with the label layer hidden. 1800px so no @2x is ever requested.,"sinus venosus, right atrium, left atrium, ventricle, conus arteriosus, truncus arteriosus, carotid arch, systemic arch, pulmocutaneous arch, pulmonary vein, precaval vein, postcaval vein, lung, buccal cavity, glottis, skin",generated-free,generated:svg:tier3/bio11-ch7-frog--circulatory-and-respiratory-systems--a,MonkLearning (hand-authored SVG),accepted
